{"cameraMode":{"drawMode":0,"name":"Shaded","section":"Shading Mode"},"sceneLighting":true,"audioPlay":false,"sceneViewState":{"showFog":false,"showMaterialUpdate":false,"showSkybox":false,"showFlares":false,"showImageEffects":false,"showParticleSystems":true},"in2DMode":false,"pivot":{"x":1.2864599227905274,"y":4.0583109855651859,"z":0.8242917060852051},"rotation":{"x":-0.017799872905015947,"y":0.9162842631340027,"z":0.04097633808851242,"w":0.39802926778793337},"size":2.8578836917877199,"orthographic":false}