{"cameraMode":{"drawMode":0,"name":"Shaded","section":"Shading Mode"},"sceneLighting":true,"audioPlay":false,"sceneViewState":{"showFog":true,"showMaterialUpdate":false,"showSkybox":true,"showFlares":true,"showImageEffects":true,"showParticleSystems":true},"in2DMode":false,"pivot":{"x":-0.644291877746582,"y":2.42132568359375,"z":-3.3091888427734377},"rotation":{"x":0.049329306930303577,"y":-0.07782632112503052,"z":0.0038555171340703966,"w":0.9957383275032044},"size":45.949039459228519,"orthographic":false}