{"cameraMode":{"drawMode":0,"name":"Shaded","section":"Shading Mode"},"sceneLighting":false,"audioPlay":false,"sceneViewState":{"showFog":true,"showMaterialUpdate":false,"showSkybox":true,"showFlares":true,"showImageEffects":true,"showParticleSystems":true},"in2DMode":false,"pivot":{"x":14.105573654174805,"y":3.5844271183013918,"z":8.490130424499512},"rotation":{"x":-0.005910949315875769,"y":-0.17164325714111329,"z":-0.0010298809502273799,"w":0.9851409196853638},"size":14.081050872802735,"orthographic":false}