{"cameraMode":{"drawMode":0,"name":"Shaded","section":"Shading Mode"},"sceneLighting":false,"audioPlay":false,"sceneViewState":{"showFog":true,"showMaterialUpdate":false,"showSkybox":true,"showFlares":true,"showImageEffects":true,"showParticleSystems":true},"in2DMode":false,"pivot":{"x":15.210000038146973,"y":0.4300000071525574,"z":5.25},"rotation":{"x":-0.005224852357059717,"y":-0.9926579594612122,"z":0.04649995639920235,"w":-0.11153824627399445},"size":2.8578836917877199,"orthographic":false}